{"type":"group","content":[{"type":"graph","tags":["compose/non-positive","user/{\"BOMitemName\":\"Block\",\"numberNeeded\":1,\"costUSD\":0,\"source\":\"www.example.com\",\"totalNeeded\":1,\"radius\":0.015384615384615385}","color/silver"],"graph":{"isClosed":true,"isLazy":true,"serializedSurfaceMesh":"8\n11 -10 0\n11 10 0\n-11 10 0\n-11 -10 0\n11 -10 4\n11 10 4\n-11 10 4\n-11 -10 4\n\n12\n3 1 0 2\n3 0 3 2\n3 4 5 6\n3 7 4 6\n3 4 1 5\n3 1 4 0\n3 5 2 6\n3 2 5 1\n3 6 3 7\n3 3 6 2\n3 7 0 4\n3 0 7 3\n"},"cache":{"triangles":{"type":"triangles","tags":["compose/non-positive","user/{\"BOMitemName\":\"Block\",\"numberNeeded\":1,\"costUSD\":0,\"source\":\"www.example.com\",\"totalNeeded\":1,\"radius\":0.015384615384615385}","color/silver"],"triangles":[[[11,10,0],[11,-10,0],[-11,10,0]],[[11,-10,0],[-11,-10,0],[-11,10,0]],[[11,-10,4],[11,10,4],[-11,10,4]],[[-11,-10,4],[11,-10,4],[-11,10,4]],[[11,-10,4],[11,10,0],[11,10,4]],[[11,10,0],[11,-10,4],[11,-10,0]],[[11,10,4],[-11,10,0],[-11,10,4]],[[-11,10,0],[11,10,4],[11,10,0]],[[-11,10,4],[-11,-10,0],[-11,-10,4]],[[-11,-10,0],[-11,10,4],[-11,10,0]],[[-11,-10,4],[11,-10,0],[11,-10,4]],[[11,-10,0],[-11,-10,4],[-11,-10,0]]]}}},{"type":"graph","tags":["user/{\"BOMitemName\":\"Block\",\"numberNeeded\":1,\"costUSD\":0,\"source\":\"www.example.com\",\"totalNeeded\":1,\"radius\":0.015384615384615385}","color/silver"],"graph":{"isClosed":true,"isLazy":true,"serializedSurfaceMesh":"8\n11 -10 0\n11 10 0\n-11 10 0\n-11 -10 0\n11 -10 4\n11 10 4\n-11 10 4\n-11 -10 4\n\n12\n3 1 0 2\n3 0 3 2\n3 4 5 6\n3 7 4 6\n3 4 1 5\n3 1 4 0\n3 5 2 6\n3 2 5 1\n3 6 3 7\n3 3 6 2\n3 7 0 4\n3 0 7 3\n"},"matrix":[1,0,0,0,0,1,0,0,0,0,1,0,0,0,0,1],"cache":{"triangles":{"type":"triangles","tags":["user/{\"BOMitemName\":\"Block\",\"numberNeeded\":1,\"costUSD\":0,\"source\":\"www.example.com\",\"totalNeeded\":1,\"radius\":0.015384615384615385}","color/silver"],"triangles":[[[11,10,0],[11,-10,0],[-11,10,0]],[[11,-10,0],[-11,-10,0],[-11,10,0]],[[11,-10,4],[11,10,4],[-11,10,4]],[[-11,-10,4],[11,-10,4],[-11,10,4]],[[11,-10,4],[11,10,0],[11,10,4]],[[11,10,0],[11,-10,4],[11,-10,0]],[[11,10,4],[-11,10,0],[-11,10,4]],[[-11,10,0],[11,10,4],[11,10,0]],[[-11,10,4],[-11,-10,0],[-11,-10,4]],[[-11,-10,0],[-11,10,4],[-11,10,0]],[[-11,-10,4],[11,-10,0],[11,-10,4]],[[11,-10,0],[-11,-10,4],[-11,-10,0]]]},"outline":[[[-11,10,0],[11,10,0]],[[11,10,0],[11,-10,0]],[[11,-10,0],[-11,-10,0]],[[-11,-10,0],[-11,10,0]],[[11,-10,4],[11,10,4]],[[11,10,4],[-11,10,4]],[[-11,10,4],[-11,-10,4]],[[-11,-10,4],[11,-10,4]],[[11,10,4],[11,-10,4]],[[11,10,0],[11,10,4]],[[11,-10,0],[11,10,0]],[[11,-10,4],[11,-10,0]],[[-11,10,4],[11,10,4]],[[-11,10,0],[-11,10,4]],[[11,10,0],[-11,10,0]],[[11,10,4],[11,10,0]],[[-11,-10,4],[-11,10,4]],[[-11,-10,0],[-11,-10,4]],[[-11,10,0],[-11,-10,0]],[[-11,10,4],[-11,10,0]],[[11,-10,4],[-11,-10,4]],[[11,-10,0],[11,-10,4]],[[-11,-10,0],[11,-10,0]],[[-11,-10,4],[-11,-10,0]]]}}],"hash":"aowxHzdRTdILbjTeXqI8u"}